BLOCK,PHC,SUBCENTER,VILLAGE,WADI
Peint,Ambe,Ambe,Ambe,Savari pada
Peint,Ambe,Ambe,Ambe,Ukhalimal
Peint,Ambe,Ambe,Gandole,Chaukada
Peint,Ambe,Ambe,Gandole,Vadapada
Peint,Ambe,Ambe,Gandole,Holmari
Peint,Ambe,Ambe,Mohadand,Mohadand
Peint,Ambe,Ambe,Shivshet,Shivshet
Peint,Ambe,Mhasgan,Mhasgan,Jamabulpada
Peint,Ambe,Mhasgan,Kalune,Kalune
Peint,Ambe,Mhasgan,Kakadpada,Nishankhadak
Peint,Ambe,Mhasgan,Malegaon,Vakharpada
Peint,Ambe,Mhasgan,Malegaon,Dukkarbhuji
Peint,Ambe,Mhasgan,Malegaon,Asdanpada
Peint,Ambe,Mhasgan,Malegaon,Umbarpada
Peint,Ambe,Mhasgan,Malegaon,Maharvihir
Peint,Ambe,Mhasgan,Kalambari,Kalambari
Peint,Ambe,Mhasgan,Amdongra,Amdongra
Peint,Ambe,Virmal,Virmal,Dabdari
Peint,Ambe,Virmal,Pahuchibari,Ranpada
Peint,Ambe,Virmal,Karanj Khed,Karanj Khed
Peint,Ambe,Virmal,Toranmal,Toranmal
Peint,Ambe,Virmal,Diksal,Diksal
Peint,Bhuvan,Bhuvan,Adgoan,Adgoan
Peint,Bhuvan,Bhuvan,Ambapani,Ambapani
Peint,Bhuvan,Bhuvan,Bhuvan,Bhuvan
Peint,Bhuvan,Bhuvan,Borpada,Borpada
Peint,Bhuvan,Bhuvan,Bilkas,Bilkas
Peint,Bhuvan,Bhuvan,Dhanpada,Khamshet
Peint,Bhuvan,Bhuvan,Dhanpada,Borpada
Peint,Bhuvan,Bhuvan,Hanumant Pada,Hanumant Pada
Peint,Bhuvan,Bhuvan,Khadki,Shingadi
Peint,Bhuvan,Bhuvan,Khamshet,Khamshet
Peint,Bhuvan,Bhuvan,Umbarpada,Umbarpada
Peint,Bhuvan,Tondwal,Andhrute,Mahalachapada
Peint,Bhuvan,Tondwal,Andhrute,Vaitakpada
Peint,Bhuvan,Tondwal,Kasatvihir,Pimpalpada
Peint,Bhuvan,Tondwal,Tondwal,Chaphyacha pada
Peint,Bhuvan,Tondwal,Kahandolpada,Shetmal
Peint,Bhuvan,Tondwal,Kahandolpada,Pondyachamal
Peint,Bhuvan,Tondwal,Kahandolpada,Devalapada
Peint,Bhuvan,Tondwal,Kahandolpada,Shitmal
Peint,Bhuvan,Tondwal,Umrad,Bodarmal
Peint,Bhuvan,Ranvihir,Ranvihir,Ranvihir
Peint,Bhuvan,Ranvihir,Belpada,Belpada
Peint,Bhuvan,Ranvihir,Gaidhond,Gaidhond
Peint,Bhuvan,Ranvihir,Garmal,Garmal
Peint,Bhuvan,Ranvihir,Kalampada,Kalampada
Peint,Bhuvan,Ranvihir,Kelvihir,Kelvihir
Peint,Bhuvan,Ranvihir,Lalhali,Lalhali
Peint,Bhuvan,Ranvihir,Sadadpada,Sadadpada
Peint,Jogmodi,Jogmodi,Jogmodi,Bhitdar
Peint,Jogmodi,Jogmodi,Harangaon,Baravpada
Peint,Jogmodi,Jogmodi,Asarbari,Nadakdari
Peint,Jogmodi,Jogmodi,Pimpalpada,Pimpalpada
Peint,Jogmodi,Jogmodi,Mendpada,Kudalipada
Peint,Jogmodi,Jogmodi,Vadbari,Vadbari
Peint,Jogmodi,Kupurli Kh,Kapurli Kh,Kapurli Kh
Peint,Jogmodi,Kupurli Kh,Domkhadak,Domkhadak
Peint,Jogmodi,Kupurli Kh,Dabhadi,Dabhadi
Peint,Jogmodi,Tirde,Tirde,Tirde
Peint,Jogmodi,Tirde,Khirkade,Khirkade
Peint,Jogmodi,Tirde,Kupurli Bk,Phanaspada
Peint,Jogmodi,Tirde,Kupurli Bk,Bagachapada
Peint,Jogmodi,Tirde,Mohapada,Panghurnepada
Peint,Jogmodi,Umbarpada Surgana,Umbarpada Surgana,Tungarpada
Peint,Jogmodi,Umbarpada Surgana,Umbarpada Surgana,Seharipada
Peint,Jogmodi,Umbarpada Surgana,Umbarpada Surgana,Mohalipada
Peint,Jogmodi,Umbarpada Surgana,Sadadpada,Sadadpada
Peint,Jogmodi,Umbarpada Surgana,Kapurne,Ghotpada
Peint,Jogmodi,Umbarpada Surgana,Bhatvihir,Bhatvihir
Peint,Jogmodi,Umbarpada Surgana,Ambas,Navapada
Peint,Jogmodi,Umbarpada Surgana,Chikhali,Chikhali
Peint,Jogmodi,Umbarpada Surgana,Ghuhadsaka,Hachanpada
Peint,Jogmodi,Umbarpada Surgana,Borda,Borda
Peint,Karanjali,Karanjali,Karanjali,Gawandpada
Peint,Karanjali,Karanjali,Karanjali,Pawarpada
Peint,Karanjali,Karanjali,Kumbharbari,Hanambari
Peint,Karanjali,Borvat,Borvat,Jambvihir
Peint,Karanjali,Borvat,Borvat,Patli
Peint,Karanjali,Borvat,Umbarpada,Umbarpada
Peint,Karanjali,Borvat,Mangone,Mangone
Peint,Karanjali,Borvat,Ubhidhond,Ubhidhond
Peint,Karanjali,Nirgude,Nirgude,Nirgude
Peint,Karanjali,Nirgude,Devgaon,Devgaon
Peint,Karanjali,Nirgude,Gonde,Devalapada
Peint,Karanjali,Nirgude,Gonde,Mathanche aavan
Peint,Karanjali,Shinde,Shinde,Hattipada
Peint,Karanjali,Shinde,Dhabyachapada,Dhabyachapada
Peint,Karanjali,Shinde,Gangodbari,Gangodbari
Peint,Karanjali,Shinde,Tilbhat,Tilbhat
Peint,Karanjali,Shinde,Sambarpada,Sambarpada
Peint,Karanjali,Shinde,Sawalghat,Sawalghat
Peint,Karanjali,Ustale,Ustale,Phanaspada
Peint,Karanjali,Ustale,Ustale,Nimonipada
Peint,Karanjali,Ustale,Ustale,Vadpada
Peint,Karanjali,Ustale,Ustale,Kelpada
Peint,Karanjali,Ustale,Ustale,Mhasanvihir
Peint,Karanjali,Ustale,Ustale,Payripada
Peint,Karanjali,Ustale,Ustale,Gaddune
Peint,Karanjali,Ustale,Hnumanpada,Bhorhapada
Peint,Karanjali,Ustale,Ekdara,Hedpada
Peint,Karanjali,Ustale,Kotambi,Bardpada
Peint,Karanjali,Ustale,Behedmal,Behedmal
Peint,Karanjali,Ustale,Jambhulmal,Jambhulmal
Peint,Kohor,Kohor,Kohor,Borwanpada
Peint,Kohor,Kohor,Lingavne,Lingavne
Peint,Kohor,Kohor,Hanumannager,Hanumannager
Peint,Kohor,Kohor,Ruipetha,Ruipetha
Peint,Kohor,Bhaygon,Bhaygaon,Chaphyacha pada
Peint,Kohor,Bhaygon,Bhaygaon,Nadicha pada
Peint,Kohor,Bhaygon,Aad BK,Aad BK
Peint,Kohor,Bhaygon,Aad KH,Aad KH
Peint,Kohor,Bhaygon,Dolharmal,Khironipada
Peint,Kohor,Donawade,Donawade,Donawade
Peint,Kohor,Donawade,Dhulgat,Dhulgat
Peint,Kohor,Donawade,Umardahad,Umardahad
Peint,Kohor,Donawade,Waghyachibari,Waghyachibari
Peint,Kohor,Mankapur,Mankapur,Mankapur
Peint,Kohor,Mankapur,Dongarshet,Chirapada
Peint,Kohor,Mankapur,Dongarshet,Mohapada
Peint,Kohor,Mankapur,Ghotvihir,Karanjpada
Peint,Kohor,Mankapur,Pimpalvati,Ghosali
Peint,Kohor,Mankapur,Raitale,Raitale
Peint,Kohor,Mankapur,Shingdari,Tandalachibari
Peint,Kulwandi,Kulwandi,Kulwandi,Kharadipada
Peint,Kulwandi,Kulwandi,Kulwandi,Kadawarhapada
Peint,Kulwandi,Kulwandi,Sasune,Sasune
Peint,Kulwandi,Kulwandi,Amlon,Amlon
Peint,Kulwandi,Kulwandi,Abhite,Savarichapada
Peint,Kulwandi,Palsi,Palsi,Palsi
Peint,Kulwandi,Palsi,Ghanshet,Hattipada
Peint,Kulwandi,Palsi,Ghanshet,Nimonipada
Peint,Kulwandi,Palsi,Gawandh,Khokaripada
Peint,Kulwandi,Palsi,Bardapada,Bardapada
Peint,Kulwandi,Palsi,Shevkhandi,Phanaspada
Peint,Kulwandi,Palsi,Shevkhandi,Khotarepada
Peint,Kulwandi,Pate,Pate,Pate
Peint,Kulwandi,Pate,Phanaspada,Phanaspada
Peint,Kulwandi,Pate,Cholmukh,Cholmukh
Peint,Kulwandi,Pate,Murumati,Abyachapada
Peint,Kulwandi,Pate,Murumati,Dhamanchond
Peint,Kulwandi,Nachlondi,Nachlondi,Chinchapada
Peint,Kulwandi,Nachlondi,Nachlondi,Bondarmal
Peint,Kulwandi,Nachlondi,Nachlondi,Nimpada
Peint,Kulwandi,Nachlondi,Payarpada,Payarpada
Peint,Kulwandi,Nachlondi,Homepada,Hanumantpada
Peint,Kulwandi,Nachlondi,Homepada,Phanaspada
Peint,Kulwandi,Nachlondi,Devichamal,Devichamal
Peint,Kulwandi,Nachlondi,Chikadipada,Karvalpada
Peint,Kulwandi,Nachlondi,Chikadipada,Kolushti
Peint,Kulwandi,Nachlondi,Wadpada,Kelbari
Peint,Kulwandi,Nachlondi,Wajwad,Wajwad
Peint,Kulwandi,Nachlondi,Kharpadi,Kharpadi
Peint,Kulwandi,Nachlondi,Phanaspada,Phanaspada
Peint,Kumbhale,Kumbhale,Kumbhale,Khadaki
Peint,Kumbhale,Kumbhale,Kumbhale,Mohpada
Peint,Kumbhale,Kumbhale,Borichibari,Borichibari
Peint,Kumbhale,Kumbhale,Derapada,Golaspada
Peint,Kumbhale,Kumbhale,Kayre,Kayre
Peint,Kumbhale,Kumbhale,Savarna,Zari
Peint,Kumbhale,Kumbhale,Savarna,Behadpada
Peint,Kumbhale,Kumbhale,Rajbari,Rajbari
Peint,Kumbhale,Kumbhale,Nalshet,Nalshet
Peint,Kumbhale,Peint 1,Peint,Bordingpada
Peint,Kumbhale,Peint 1,Peint,Kashtichiaali
Peint,Kumbhale,Peint 1,Peint,Balsadroad
Peint,Kumbhale,Peint 1,Peint,Pimpalachiaali
Peint,Kumbhale,Peint 1,Wangani,Kavalbari
Peint,Kumbhale,Peint 1,Wangani,Bharuna
Peint,Kumbhale,Peint 1,Wangani,Bhatadi
Peint,Kumbhale,Peint 2,Peint,Saptashringinagar
Peint,Kumbhale,Peint 2,Peint,Sulbhanagar
Peint,Kumbhale,Peint 2,Peint,Bajarpeth
Peint,Kumbhale,Peint 2,Peint,Rajwada
Peint,Kumbhale,Peint 2,Peint,Navanagar
Peint,Kumbhale,Peint 2,Peint,Hattipda
Peint,Kumbhale,Peint 2,Khokartale,Mandarpada
Peint,Kumbhale,Peint 2,Khokartale,Dagalevasti
Peint,Kumbhale,Dhondmal,Dhondmal,Gadharpada
Peint,Kumbhale,Dhondmal,Dhondmal,Jadhavpada
Peint,Kumbhale,Dhondmal,Dhondmal,Kapurzira
Peint,Kumbhale,Dhondmal,Dhondmal,Shanidevpada
Peint,Kumbhale,Dhondmal,Ambapur,Ambapur
Peint,Kumbhale,Dhondmal,Khambale,Khambale
Peint,Kumbhale,Badgi,Badgi,Badgi
Peint,Kumbhale,Badgi,Jale,Kengpada
Peint,Kumbhale,Badgi,Jale,Zadipada
Peint,Kumbhale,Badgi,Shiral,Shiral
Peint,Kumbhale,Badgi,Palishi,Palishi
Peint,Kumbhale,Hatrundi,Hatrundi,Kahandolpada
Peint,Kumbhale,Hatrundi,Hatrundi,Nimonipada
Peint,Kumbhale,Hatrundi,Hatrundi,Patalipad
Peint,Kumbhale,Hatrundi,Hatrundi,Satputepada
Peint,Kumbhale,Hatrundi,Junothi,Junothi
Peint,Kumbhale,Hatrundi,Jamle,Jamle
Sinnar,Dapur,Dapur,Dapur,Gawthan
Sinnar,Dapur,Dapur,Dapur,Telmatha
Sinnar,Dapur,Dapur,Dapur,Karawandra
Sinnar,Dapur,Dapur,Dapur,Neherwadi
Sinnar,Dapur,Dapur,Shivajinagar,Begewadi
Sinnar,Dapur,Dapur,Shivajinagar,Sabalewadi
Sinnar,Dapur,Dapur,Shivajinagar,Shingewadi
Sinnar,Dapur,Dapur,Shivajinagar,Khurdewadi
Sinnar,Dapur,Dapur,Dattanagar,Palawewadi
Sinnar,Dapur,Dapur,Dattanagar,Ramoshewadi
Sinnar,Dapur,Dapur,Dattanagar,Barbatewadi
Sinnar,Dapur,Dodi Bk.,Dodi Bk.,Gawthan
Sinnar,Dapur,Dodi Bk.,Dodi Bk.,Kedarwadi
Sinnar,Dapur,Dodi Bk.,Dodi Bk.,Dattawadi
Sinnar,Dapur,Dodi Bk.,Dodi Bk.,Mhalobavasti
Sinnar,Dapur,Dodi Bk.,Dodi Kh.,Gawthan
Sinnar,Dapur,Dodi Bk.,Dodi Kh.,Ramoshewadi
Sinnar,Dapur,Dodi Bk.,Khambale,Gawthan
Sinnar,Dapur,Dodi Bk.,Khambale,Tekadevasti
Sinnar,Dapur,Dodi Bk.,Khambale,Wakchaurevasti
Sinnar,Dapur,Dodi Bk.,Khambale,Andhalevasti
Sinnar,Dapur,Dodi Bk.,Khambale,Jibhacha mla
Sinnar,Dapur,Nandurshingote,Nandurshingote,Gawthan
Sinnar,Dapur,Nandurshingote,Nandurshingote,Bogadewadi
Sinnar,Dapur,Nandurshingote,Nandurshingote,Eklavyanagar
Sinnar,Dapur,Nandurshingote,Kankori,Gawthan
Sinnar,Dapur,Nandurshingote,Kankori,Maalvasti
Sinnar,Dapur,Nandurshingote,Manori,Gawthan
Sinnar,Dapur,Nandurshingote,Manori,Sangalewadi
Sinnar,Dapur,Chass,Chass,Gawthan
Sinnar,Dapur,Chass,Chass,Banawate vasti
Sinnar,Dapur,Chass,Chass,Karawandara
Sinnar,Dapur,Chass,Chass,Kamaluchi wadi
Sinnar,Dapur,Chass,Chass,Ramwadi
Sinnar,Dapur,Chass,Kasarwadi,Saradwadi
Sinnar,Dapur,Chass,Kasarwadi,Ganeshkhind
Sinnar,Dapur,Chass,Kasarwadi,Madhevasti
Sinnar,Dapur,Chass,Kasarwadi,Ghugevasti
Sinnar,Dapur,Chass,Kasarwadi,Kadalwadi
Sinnar,Dapur,Chass,Nalwadi,Gawthan
Sinnar,Dapur,Chass,Nalwadi,Junawanevasti
Sinnar,Dapur,Chass,Nalwadi,Pandharevasti
Sinnar,Dapur,Chapadgaon,Chapadgaon,Gawthan
Sinnar,Dapur,Chapadgaon,Chapadgaon,Patildara
Sinnar,Dapur,Chapadgaon,Chapadgaon,Kalamkhadakwadi
Sinnar,Dapur,Chapadgaon,Sonewadi,Gawthan
Sinnar,Dapur,Chapadgaon,Sonewadi,Sheri
Sinnar,Dapur,Chapadgaon,Sonewadi,Khadyachiwadi
Sinnar,Dapur,Chapadgaon,Sonewadi,Kagdara
Sinnar,Dapur,Chapadgaon,Dhulwad,Gawthan
Sinnar,Dapur,Chapadgaon,Dhulwad,Ramoshewadi
Sinnar,Dapur,Chapadgaon,Dhulwad,Janbhalivasti
Sinnar,Dapur,Chapadgaon,Bhojapur (Ramoshewadi),Ramoshewadi
Sinnar,Devpur,Devpur,Devpur,Damber
Sinnar,Devpur,Devpur,Devpur,Naikwasti
Sinnar,Devpur,Devpur,Devpur,Nimgaonpati
Sinnar,Devpur,Devpur,Devpur,Narode wasti
Sinnar,Devpur,Devpur,Dharangaon,Walekar wasti
Sinnar,Devpur,Devpur,Dharangaon,Kalewasti
Sinnar,Devpur,Devpur,Fardapur,kharatwasti
Sinnar,Devpur,Devpur,Nimgaon Devpur,Devpur road
Sinnar,Devpur,Shaha,Shaha,Dhangarwasti
Sinnar,Devpur,Shaha,Shaha,Gayran
Sinnar,Devpur,Shaha,Shaha,Galandewasti
Sinnar,Devpur,Shaha,Karwadi,Karwadi
Sinnar,Devpur,Shaha,Rampur,Pawarwadi
Sinnar,Devpur,Shaha,Bharatpur,Bhillawadi
Sinnar,Devpur,Shaha,Lashumanpur,Kolapewadi
Sinnar,Devpur,Panchale,Panchale,Dattanagar
Sinnar,Devpur,Panchale,Panchale,Dambernala
Sinnar,Devpur,Panchale,Panchale,Thoratwasti
Sinnar,Devpur,Panchale,Pimpalgaon,Bhillawadi
Sinnar,Devpur,Panchale,Shrirampur,Kankusewasti
Sinnar,Devpur,Panchale,Dahiwadi,Bhillawadi
Sinnar,Devpur,Panchale,Dahiwadi,Mahajanpur
Sinnar,Devpur,Panchale,Dahiwadi,Gadewasti
Sinnar,Devpur,Panchale,Dahiwadi,Jagdalewasti
Sinnar,Devpur,Panchale,Ujani,Bhillahari
Sinnar,Devpur,Panchale,Mahajanpur,Bhillahari
Sinnar,Devpur,Somthane,Somthane,Beldarwadi
Sinnar,Devpur,Somthane,Somthane,Achanaknagar
Sinnar,Devpur,Somthane,Somthane,Kadamnagar
Sinnar,Devpur,Somthane,Sangavi,Dattawadi
Sinnar,Devpur,Somthane,Sangavi,Chimaniroad
Sinnar,Devpur,Somthane,Mendhi,Bhowada
Sinnar,Devpur,Somthane,Chondi,Chondhipul
Sinnar,Devpur,Wadangali,Wadangali,Bhillahati
Sinnar,Devpur,Wadangali,Wadangali,Bajajnagar
Sinnar,Devpur,Wadangali,Kirtangali,Aganmala
Sinnar,Devpur,Wadangali,Kirtangali,Chinchechamala
Sinnar,Devpur,Wadangali,Kirtangali,Kasarinala
Sinnar,Devpur,Wadangali,Eklahare,Vitbhattiwasti
Sinnar,Devpur,Wadangali,Eklahare,Nimgaonroad
Sinnar,Devpur,Wadangali,Eklahare,Khangalemala
Sinnar,Devpur,Wadangali,Khadangali,Shivajimala
Sinnar,Devpur,Wadangali,Khadangali,Dattanagar
Sinnar,Devpur,Wadangali,Khadangali,Wastishala
Sinnar,Devpur,Wadangali,Komalwadi,Dhulewasti
Sinnar,Devpur,Wadangali,Komalwadi,Mamaswadiroad
Sinnar,Devpur,Datali,Datali,Jayogeshwarnagar
Sinnar,Devpur,Datali,Datali,Swamisamarth
Sinnar,Devpur,Datali,Datali,Sayaadwasti
Sinnar,Devpur,Datali,Kedarpur,Avhad vasti
Sinnar,Devpur,Datali,Shahapur,Shahapur
Sinnar,Devpur,Datali,Khopadi Bk.,Devpur road
Sinnar,Devpur,Datali,Khopadi Kh.,Dattamandir
Sinnar,Devpur,Datali,Musalgaon,Khalwegaon
Sinnar,Devpur,Datali,Musalgaon,Madhalegaon
Sinnar,Devpur,Datali,Musalgaon,Patilmala
Sinnar,Devpur,Datali,Musalgaon,Laxminagar
Sinnar,Naygaon,Naygaon,Naygaon,Naygaon
Sinnar,Naygaon,Naygaon,Naygaon,Chawhan mala
Sinnar,Naygaon,Naygaon,Jaygaon,Pansare mala
Sinnar,Naygaon,Naygaon,Deshwandi,Mahadev Wasti
Sinnar,Naygaon,Nimgaonsinnar,Nimgaonsinnar,Sanapwasti
Sinnar,Naygaon,Nimgaonsinnar,Gulwanch,Dagadwadi
Sinnar,Naygaon,Nimgaonsinnar,Kepanagar,Komalwadi
Sinnar,Naygaon,Nimgaonsinnar,Hivargaon,Ghangalwadi
Sinnar,Naygaon,Baragao pimpari,Baragaonpimpari,Rokadoba mala
Sinnar,Naygaon,Baragao pimpari,Baragaonpimpari,Dattamandir
Sinnar,Naygaon,Baragao pimpari,Sundarpur,Dhangarwasti
Sinnar,Naygaon,Baragao pimpari,Patpimpari,Patpimpari
Sinnar,Naygaon,Kundewadi,Kundewadi,Kundewadi
Sinnar,Naygaon,Kundewadi,Kundewadi Mauje,Kundewadi Mauje
Sinnar,Naygaon,Kundewadi,Shashrinagar (Lonarwadi),Lonarwadi
Sinnar,Naygaon,Kundewadi,Bhatwadi,Bhatwadi
Sinnar,Naygaon,Kundewadi,Maparwadi,Mul maparwadi
Sinnar,Naygaon,Chincholi,Chincholi,Khadicrasher
Sinnar,Naygaon,Chincholi,Moh,Holgirwasti
Sinnar,Naygaon,Chincholi,Mohadari,Khadicrasher
Sinnar,Naygaon,Chincholi,Malegaon,MIDC
Sinnar,Naygaon,Bharmhanwade,Bharmhanwade,Bharmhanwade
Sinnar,Naygaon,Bharmhanwade,Wadzire,Dhabawasti
Sinnar,Naygaon,Bharmhanwade,Songiri,Dattamandir
Sinnar,Naygaon,Bharmhanwade,Jogaltembhi,Jogaltembhi
Sinnar,Pandhurli,Pandhurli,Pandhurli,Rajwada
Sinnar,Pandhurli,Pandhurli,Pandhurli,Waje mala
Sinnar,Pandhurli,Pandhurli,Pandhurli,Bhillhati
Sinnar,Pandhurli,Pandhurli,Sawatamalinagar,Thakurwadi
Sinnar,Pandhurli,Pandhurli,Belu,Amrai mla
Sinnar,Pandhurli,Pandhurli,Agaskhind,Wagh mala
Sinnar,Pandhurli,Pandhurli,Agaskhind,Bhillhatti
Sinnar,Pandhurli,Pandhurli,Agaskhind,Rajwadi
Sinnar,Pandhurli,Wadgaonpingala,Wadgaon Pingala,Muthal mala
Sinnar,Pandhurli,Wadgaonpingala,Wadgaon Pingala,Vinchu mala
Sinnar,Pandhurli,Wadgaonpingala,Vinchur Dalawi,Bhavdev wadi
Sinnar,Pandhurli,Wadgaonpingala,Vinchur Dalawi,Chandre mala
Sinnar,Pandhurli,Shivade,Shivade,Tasdara
Sinnar,Pandhurli,Shivade,Shivade,Baldara
Sinnar,Pandhurli,Shivade,Shivade,Bhilhati
Sinnar,Pandhurli,Shivade,Borkhind,Kavte vasti
Sinnar,Pandhurli,Shivade,Borkhind,Katode vasti
Sinnar,Pandhurli,Shivade,Ghorwad,Mhasal wadi
Sinnar,Pandhurli,Shivade,Ghorwad,Ghorvad khind
Sinnar,Pandhurli,Sonambe,Sonambe,Bend wadi
Sinnar,Pandhurli,Sonambe,Sonambe,Bodke mala
Sinnar,Pandhurli,Sonambe,Sonambe,Chika vasti
Sinnar,Pandhurli,Sonambe,Sonari,Kalunge mala
Sinnar,Pandhurli,Sonambe,Sonari,Shinde mala
Sinnar,Pandhurli,Sonambe,Jayprakashnagar,Sabarwadi
Sinnar,Pandhurli,Sonambe,Harsule,Gav
Sinnar,Pandhurli,Sonambe,Harsule,Harsulemale
Sinnar,Pandhurli,Konambe,Konambe,Dawre mala
Sinnar,Pandhurli,Konambe,Konambe,Thakurwadi wagh dara
Sinnar,Pandhurli,Konambe,Konambe,Borichi pain
Sinnar,Pandhurli,Konambe,Dhondbar,Khetade vasti
Sinnar,Pandhurli,Konambe,Dhondbar,Kavte vasti
Sinnar,Pandhurli,Konambe,Dhondbar,Madage vasti
Sinnar,Pandhurli,Konambe,Aundewadi,Aundhe wadi gavdha
Sinnar,Pandhurli,Konambe,Aundewadi,Gadhav male
Sinnar,Pandhurli,Paste,Paste,Kajikhori
Sinnar,Pandhurli,Paste,Paste,Chiman khori
Sinnar,Pandhurli,Paste,Paste,Rajwada
Sinnar,Pandhurli,Paste,Paste,Bhilahati
Sinnar,Pandhurli,Paste,Jamgaon,Bhilahati
Sinnar,Pandhurli,Paste,Jamgaon,Rajwada ghatakadil male
Sinnar,Pandhurli,Paste,Chandrapur,Gav
Sinnar,Pandhurli,Paste,Chandrapur,Chandrapurmale
Sinnar,Pandhurli,Paste,Khaprale,Gav
Sinnar,Pandhurli,Paste,Khaprale,Male
Sinnar,Pandhurli,Paste,Saradwadi,Pangar wadi
Sinnar,Pandhurli,Paste,Saradwadi,Zagade mla
Sinnar,Pandhurli,Paste,Wadgaonsinnar,Avhad vasti
Sinnar,Pandhurli,Paste,Wadgaonsinnar,Shinde mala
Sinnar,Pandhurli,Paste,Wadgaonsinnar,Lokhndwadi
Sinnar,Thangaon,Thangaon,Thangaon,Thangaon
Sinnar,Thangaon,Thangaon,Thangaon,Kalewadi
Sinnar,Thangaon,Thangaon,Thangaon,Ghutewadi
Sinnar,Thangaon,Thangaon,Thangaon,Bhalewadi
Sinnar,Thangaon,Thangaon,Adwadi,Adwadi Varchi
Sinnar,Thangaon,Thangaon,Adwadi,Adwadi Madhali
Sinnar,Thangaon,Thangaon,Adwadi,Adwadi Khalachi
Sinnar,Thangaon,Hivare,Hivare,Hivare
Sinnar,Thangaon,Hivare,Hivare,Vaghdarawadi
Sinnar,Thangaon,Hivare,Pimpale,Pimpale
Sinnar,Thangaon,Hivare,Pimpale,Tamkadwadi
Sinnar,Thangaon,Hivare,Ashapur,Ashapur
Sinnar,Thangaon,Hivare,Padali,Padali
Sinnar,Thangaon,Hivare,Padali,Bogirwadi
Sinnar,Thangaon,Dubere,Dubere,Dubere
Sinnar,Thangaon,Dubere,Dubere,Dholi Mala
Sinnar,Thangaon,Dubere,Dubere,Vaje Mala
Sinnar,Thangaon,Dubere,Dubere,Mandlik mala
Sinnar,Thangaon,Dubere,Krishnagar,Krishnagar
Sinnar,Thangaon,Dubere,Aatkawade,Aatkawade
Sinnar,Thangaon,Manegaon,Manegaon,Manegaon
Sinnar,Thangaon,Manegaon,Manegaon,Dattawadi
Sinnar,Thangaon,Manegaon,Manegaon,Kardak Mala
Sinnar,Thangaon,Manegaon,Manegaon,Bhagat Mala
Sinnar,Thangaon,Manegaon,Manegaon,Parit mala
Sinnar,Thangaon,Manegaon,Manegaon,Aamdar mala
Sinnar,Thangaon,Manegaon,Dhondvirnagar,Dhondvirnagar
Sinnar,Thangaon,Manegaon,Dhondvirnagar,Padwal mala
Sinnar,Thangaon,Manegaon,Gurewadi,Gurewadi
Sinnar,Thangaon,Patole,Patole,Patole
Sinnar,Thangaon,Patole,Patole,Khatalewasti
Sinnar,Thangaon,Patole,Ramnagar,Ramnagar
Sinnar,Thangaon,Patole,Gonde,Gonde
Sinnar,Thangaon,Patole,Gonde,Shambhodev mala
Sinnar,Thangaon,Patole,Gonde,Khalwadi
Sinnar,Thangaon,Patole,Gonde,Birobawadi
Sinnar,Wavi,Wavi 1,Wavi,Nimonmla
Sinnar,Wavi,Wavi 1,Wavi,Khlwadi
Sinnar,Wavi,Wavi 1,Wavi,Andnager
Sinnar,Wavi,Wavi 1,Wavi,Valmiknager
Sinnar,Wavi,Wavi 1,Wavi,Wavigaon
Sinnar,Wavi,Wavi 1,Mithsagare,Mitsageregaon
Sinnar,Wavi,Wavi 1,Mithsagare,Mitsageremala
Sinnar,Wavi,Wavi 2,Ashapur,Ashapuri
Sinnar,Wavi,Wavi 2,Ashapur,Vllhewadi
Sinnar,Wavi,Wavi 2,Shivajinagar,Shivajinagar
Sinnar,Wavi,Wavi 2,Fulenagar,Fulenagar
Sinnar,Wavi,Wavi 2,Dushingpur,Dushingpur
Sinnar,Wavi,Wavi 2,Dushingpur,Mldhone
Sinnar,Wavi,Pathare Bk.,Pathare Bk.,Pathare Bk.
Sinnar,Wavi,Pathare Bk.,Pathare Bk.,Nrodewasti
Sinnar,Wavi,Pathare Bk.,Pathare Kh.,Pathregoan
Sinnar,Wavi,Pathare Bk.,Pathare Kh.,Kadamvasti
Sinnar,Wavi,Pathare Bk.,Pathare Kh.,Dighewasti
Sinnar,Wavi,Pathare Bk.,Waregaon,Waregaon
Sinnar,Wavi,Pathare Bk.,Sayale,Sayale 1
Sinnar,Wavi,Pathare Bk.,Sayale,Sayale 2
Sinnar,Wavi,Mirgaon,Mirgaon,Mirgaon
Sinnar,Wavi,Mirgaon,Kolgaonmala,Kolgaonmala
Sinnar,Wavi,Mirgaon,Kolgaonmala,Kolgaonbangla
Sinnar,Wavi,Mirgaon,Yashwantnagar,Yashwantnagar
Sinnar,Wavi,Pangari Bk.,Pangari Bk.,Pangari Bk
Sinnar,Wavi,Pangari Bk.,Pangari Bk.,Devpurrod
Sinnar,Wavi,Pangari Bk.,Pangari Bk.,Nirgudegalli
Sinnar,Wavi,Pangari Bk.,Pangari Kh.,Pangari Kh.
Sinnar,Wavi,Pangari Bk.,Bhokani,Bhokani
Sinnar,Wavi,Marhal Bk.,Marhal Bk.,Mhskewasti
Sinnar,Wavi,Marhal Bk.,Marhal Bk.,Andnager
Sinnar,Wavi,Marhal Bk.,Marhal Bk.,Marhai Bk
Sinnar,Wavi,Marhal Bk.,Marhal Kh.,Marhal Kh.
Sinnar,Wavi,Marhal Bk.,Gulabpur,Gulabpur
Sinnar,Wavi,Marhal Bk.,Suregaon,Suregaon
Sinnar,Wavi,Marhal Bk.,Nirhale,Nirhale
Sinnar,Wavi,Marhal Bk.,Fattepur,Fattepur
Sinnar,Wavi,Marhal Bk.,Fattepur,Jadhvvasti